shots,icm,gold,random
2,0.6190476190476191,0.6666666666666666,0.8095238095238095
4,0.47619047619047616,0.8095238095238095,0.5238095238095238
8,0.42857142857142855,0.7619047619047619,0.5714285714285714
16,0.42857142857142855,0.7142857142857143,0.42857142857142855
