shots,icm,gold,random
2,0.47619047619047616,0.7619047619047619,0.5714285714285714
4,0.2857142857142857,0.7619047619047619,0.5238095238095238
8,0.3333333333333333,0.7142857142857143,0.38095238095238093
16,0.3333333333333333,0.7619047619047619,0.47619047619047616
