shots,icm,gold,random
2,0.618421052631579,0.6710526315789473,0.5394736842105263
4,0.6578947368421053,0.7368421052631579,0.5394736842105263
8,0.4868421052631579,0.6973684210526315,0.5526315789473685
16,0.4342105263157895,0.7631578947368421,0.631578947368421
