shots,icm,gold,random
2,0.5208333333333334,0.625,0.6041666666666666
4,0.5,0.5625,0.5833333333333334
8,0.5833333333333334,0.5,0.5
16,0.6458333333333334,0.7083333333333334,0.6875
