shots,icm,gold,random
2,0.41379310344827586,0.7931034482758621,0.6206896551724138
4,0.3793103448275862,0.5517241379310345,0.6551724137931034
8,0.4482758620689655,0.6896551724137931,0.6551724137931034
16,0.41379310344827586,0.7241379310344828,0.6206896551724138
