shots,icm,gold,random
2,0.7241379310344828,0.7931034482758621,0.4827586206896552
4,0.7241379310344828,0.6206896551724138,0.4827586206896552
8,0.6551724137931034,0.7586206896551724,0.41379310344827586
16,0.5517241379310345,0.5862068965517241,0.5517241379310345
