shots,icm,gold,random
2,0.5862068965517241,0.5862068965517241,0.4827586206896552
4,0.6551724137931034,0.5862068965517241,0.6206896551724138
8,0.6551724137931034,0.6896551724137931,0.5517241379310345
16,0.6206896551724138,0.5862068965517241,0.6206896551724138
