shots,icm,gold,random
2,0.5263157894736842,0.7894736842105263,0.7368421052631579
4,0.5263157894736842,0.6842105263157895,0.6842105263157895
8,0.5263157894736842,0.5789473684210527,0.47368421052631576
16,0.5263157894736842,0.631578947368421,0.47368421052631576
