shots,icm,gold,random
2,0.5263157894736842,0.5263157894736842,0.6842105263157895
4,0.5263157894736842,0.631578947368421,0.42105263157894735
8,0.5263157894736842,0.6842105263157895,0.631578947368421
16,0.5263157894736842,0.7894736842105263,0.6842105263157895
