shots,icm,gold,random
2,0.5263157894736842,0.6842105263157895,0.631578947368421
4,0.5789473684210527,0.42105263157894735,0.631578947368421
8,0.5263157894736842,0.631578947368421,0.5263157894736842
16,0.5789473684210527,0.7368421052631579,0.42105263157894735
