shots,icm,gold,random
2,0.8333333333333334,0.7222222222222222,0.6666666666666666
4,0.6666666666666666,0.7222222222222222,0.7777777777777778
8,0.5,0.6666666666666666,0.5555555555555556
16,0.5555555555555556,0.6111111111111112,0.6666666666666666
