shots,icm,gold,random
2,0.6111111111111112,0.5555555555555556,0.7222222222222222
4,0.6111111111111112,0.6666666666666666,0.6666666666666666
8,0.6111111111111112,0.6666666666666666,0.5555555555555556
16,0.6666666666666666,0.8888888888888888,0.4444444444444444
