shots,icm,gold,random
2,0.6346153846153846,0.7115384615384616,0.5961538461538461
4,0.5192307692307693,0.5769230769230769,0.6346153846153846
8,0.6730769230769231,0.7115384615384616,0.7307692307692307
16,0.5961538461538461,0.75,0.6730769230769231
