shots,icm,gold,random
2,0.6440677966101694,0.5932203389830508,0.6610169491525424
4,0.6271186440677966,0.6610169491525424,0.6440677966101694
8,0.6101694915254238,0.6271186440677966,0.5084745762711864
16,0.6101694915254238,0.5932203389830508,0.6440677966101694
