shots,icm,gold,random
2,0.6964285714285714,0.6428571428571429,0.5535714285714286
4,0.6785714285714286,0.625,0.6071428571428571
8,0.5714285714285714,0.5892857142857143,0.5892857142857143
16,0.625,0.5535714285714286,0.5535714285714286
