shots,icm,gold,random
2,0.6190476190476191,0.6190476190476191,0.6190476190476191
4,0.5714285714285714,0.5714285714285714,0.47619047619047616
8,0.5238095238095238,0.6190476190476191,0.5238095238095238
16,0.42857142857142855,0.6190476190476191,0.5714285714285714
