shots,zero_shot_base,zero_shot_chat,icm,gold,random
2,0.4340005185377236,0.6439570189842423,0.5794077146890213,0.6117038285368593,0.614061446720249
4,0.4340005185377236,0.6439570189842423,0.4773880102555239,0.6143620545616917,0.6260352029499036
8,0.4340005185377236,0.6439570189842423,0.4397607524558523,0.6745294270158154,0.564151326592343
16,0.4340005185377236,0.6439570189842423,0.45631247659378327,0.701519891683231,0.5628709705297728
