shots,zero_shot_base,zero_shot_chat,icm,gold,random
2,0.3969118197793334,0.6316221588453895,0.5629983003485727,0.6489966295047964,0.6182299138651225
4,0.3969118197793334,0.6316221588453895,0.5399742171520756,0.6609306311756402,0.5866011292599314
8,0.3969118197793334,0.6316221588453895,0.5149742171520757,0.6657491429723734,0.51746146976637
16,0.3969118197793334,0.6316221588453895,0.507002131766197,0.6459849335983637,0.5869770691095555
