Condition,Accuracy
"Zero-shot
(Base)",0.4390005185377236
"Zero-shot
(Chat)",0.6439570189842423
"Gold
Supervision",0.7495024918618386
"ICM
(Unsupervised)",0.6507847204217441
